AALI,Astra Agro Lestari Tbk
ABBA,Mahaka Media Tbk
ABDA,Asuransi Bina Dana Arta Tbk
ABMM,ABM Investama Tbk
ACES,Ace Hardware Indonesia Tbk
ACST,PT Acset Indonusa Tbk.
ADCP,PT Adhi Commuter Properti Tbk
ADES,Akasha Wira International Tbk Tbk
ADHI,Adhi Karya  Tbk
ADMF,Adira Dinamika Multi Finance Tbk
ADMG,Polychem Indonesia Tbk
ADMR,PT Adaro Minerals Indonesia Tbk
ADRO,ADARO ENERGY Tbk
AEGS,PT Anugerah Spareparts Sejahtera Tbk.
AGAR,PT Asia Sejahtera Mina Tbk
AGII,PT Aneka Gas Industri Tbk.
AGRO,Bank Rakyat Indonesia Agroniaga Tbk
AGRS,PT Bank Agris Tbk
AHAP,Asuransi Harta Aman Pratama Tbk
AIMS,Akbar Indomakmur Stimec Tbk
AISA,Tiga Pilar Sejahtera Food Tbk
AKKU,PT Anugerah Kagum Karya Utama Tbk
AKPI,Argha Karya Prima Ind. Tbk
AKRA,AKR Corporindo Tbk
AKSI,PT Majapahit Inti Corpora Tbk.
ALDO,Alkindo Naratama Tbk
ALKA,Alakasa Industrindo Tbk
ALMI,Alumindo Light Metal Industry Tbk
ALTO,Tri Banyan Tirta Tbk
AMAG,Asuransi Multi Artha Guna Tbk
AMAN,PT Makmur Berkah Amanda Tb
AMAR,PT Bank Amar Indonesia Tbk.
AMFG,Asahimas Flat Glass Tbk
AMIN,PT Ateliers Mecaniques DIndonesie Tbk.
AMMN,PT Amman Mineral Internasional Tbk.
AMMS,PT Agung Menjangan Mas Tbk
AMOR,PT Ashmore Asset Management Indonesia Tbk.
AMRT,Sumber Alfaria Trijaya Tbk
ANDI,PT Andira Agro Tbk
ANJT,PT Austindo Nusantara Jaya Tbk.
ANTM,Aneka Tambang  Tbk
APEX,Apexindo Pratama Duta Tbk
APIC,PACIFIC STRATEGIC FINANCIAL Tbk
APII,PT Arita Prima Indonesia Tbk.
APLI,Asiaplast Industries Tbk
APLN,Agung Podomoro Land Tbk
APOL,Arpeni Pratama Ocean Line Tbk
ARCI,PT Archi Indonesia Tbk.
ARGO,Argo Pantes Tbk
ARII,Atlas Resources Tbk
ARKA,PT Arkha Jayanti Persada Tbk.
ARKO,PT Arkora Hydro Tbk.
ARMY,PT Armidian Karyatama Tbk
ARNA,Arwana Citramulia Tbk
ARTA,Arthavest Tbk
ARTI,Ratu Prabu Energi Tbk
ARTO,PT Bank Artos Indonesia Tbk
ASBI,Asuransi Bintang Tbk
ASDM,Asuransi Dayin Mitra Tbk
ASGR,Astra Graphia Tbk
ASHA,PT Cilacap Samudera Fishing Industry Tbk
ASII,Astra International Tbk
ASJT,Asuransi Jasa Tania Tbk
ASLC,PT Autopedia Sukses Lestari Tbk
ASMI,PT Asuransi Kresna Mitra Tbk.
ASPI,PT Andalan Sakti Primaindo Tbk.
ASRI,ALAM SUTERA REALTY Tbk
ASRM,Asuransi Ramayana Tbk
ASSA,Adi Sarana Armada Tbk
ATAP,PT Trimitra Prawara Goldland Tbk
ATIC,PT Anabatic Technologies Tbk
ATIC,Anabatic Technologies Tbk.
ATPK,Bara Jaya Internasional Tbk
AUTO,Astra Otoparts Tbk
AVIA,PT Avia Avian Tbk
AWAN,PT Era Digital Media Tbk
AXIO,PT Tera Data Indonusa Tbk
AYAM,PT Janu Putra Sejahtera Tbk.
AYLS,PT Agro Yasa Lestari Tbk
BABP,PT Bank MNC Internasional Tbk.
BABY,PT Multitrend Indo Tbk.
BACA,Bank Capital Indonesia Tbk
BAFI,PT Bussan Auto Finance Tbk.
BAJA,Saranacentral Bajatama Tbk
BALI,PT Bali Towerindo Sentra Tbk.
BANK,PT Bank Net Indonesia Syariah Tbk
BAPA,Bekasi Asri Pemula Tbk
BAPI,PT Bhakti Agung Propertindo Tbk.
BATA,Sepatu Bata Tbk
BAUT,PT Mitra Angkasa Sejahtera Tbk
BAYU,Bayu Buana Tbk
BBCA,Bank Central Asia Tbk
BBHI,PT Bank Harda Internasional Tbk.
BBKP,Bank Bukopin Tbk
BBLD,Buana Finance Tbk
BBMD,PT Bank Mestika Dharma Tbk.
BBNI,Bank Negara Indonesia Tbk
BBNP,Bank Nusantara Parahyangan Tbk
BBRI,PT Bank Rakyat Indonesia  Tbk
BBRM,Pelayaran Nasional Bina Buana Raya Tbk
BBSI,PT Bank Bisnis Internasional Tbk.
BBSS,PT Bumi Benowo Sukses Sejahtera Tbk
BBTN,Bank Tabungan Negara  Tbk
BBYB,PT Bank Yudha Bhakti Tbk.
BCAP,MNC Kapital Indonesia Tbk
BCIC,PT Bank JTrust Indonesia Tbk.
BCIP,Bumi Citra Permai Tbk
BDKR,PT Berdikari Pondasi Perkasa Tbk.
BDMN,Bank Danamon Indonesia Tbk
BEBS,PT Berkah Beton Sadaya Tbk
BEEF,PT Estika Tata Tiara Tbk.
BEER,PT Jobubu Jarum Minahasa Tbk
BEKS,PT Bank Pembangunan Daerah Banten Tbk.
BELI,PT Global Digital Niaga Tbk
BELL,PT Trisula Textile Industries Tbk
BESS,PT Batulicin Nusantara Maritim Tbk.
BEST,Bekasi Fajar Industrial Estate Tbk
BFIN,BFI Finance Indonesia Tbk
BGTG,PT Bank Ganesha Tbk.
BHAT,www.bhaktimultiartha.co.id
BHIT,PT MNC Investama Tbk.
BIKA,PT Binakarya Jaya Abadi Tbk.
BIKE,PT Sepeda Bersama Indonesia Tbk
BIMA,Primarindo Asia Infrastructure Tbk
BINA,PT Bank Ina Perdana Tbk.
BINO,PT Perma Plasindo Tbk
BIPI,Benakat Integra Tbk
BIPP,Bhuwanatala Indah Permai Tbk
BIRD,PT Blue Bird Tbk
BISI,BISI INTERNATIONAL Tbk
BJBR,Bank Pembangunan Daerah Jawa Barat dan Banten Tbk
BJTG,PT Bank Pembangunan Daerah Jawa Tengah
BJTM,Bank Pembangunan Daerah Jawa Timur Tbk
BKDP,Bukit Darmo Property Tbk
BKSL,Sentul City Tbk
BKSW,PT Bank QNB Indonesia Tbk
BLTA,Berlian Laju Tanker Tbk
BLTZ,PT Graha Layar Prima Tbk.
BLUE,PT Berkah Prima Perkasa Tbk
BMAS,PT Bank Maspion Indonesia Tbk.
BMBL,PT Lavender Bina Cendikia Tbk
BMHS,PT Bundamedik Tbk
BMRI,Bank Mandiri  Tbk
BMSR,Bintang Mitra Semestaraya Tbk
BMTR,Global Mediacom Tbk
BNBA,Bank Bumi Arta Tbk
BNBR,Bakrie &amp; Brothers Tbk
BNGA,PT Bank CIMB Niaga Tbk
BNII,PT Bank Maybank Indonesia Tbk
BNLI,Bank Permata Tbk
BOBA,PT Formosa Ingredient Factory Tbk
BOGA,PT Bintang Oto Global Tbk
BOLA,PT Bali Bintang Sejahtera Tbk.
BOLT,PT Garuda Metalindo Tbk.
BORN,Borneo Lumbung Energi &amp; Metal Tbk
BOSS,PT Borneo Olah Sarana Sukses Tbk
BPFI,Batavia Prosperindo Finance Tbk
BPII,PT Batavia Prosperindo Internasional Tbk.
BPTR,PT Batavia Prosperindo Trans Tbk.
BRAM,Indo Kordsa Tbk
BREN,PT Barito Renewables Energy Tbk.
BRIS, PT Bank Shariah Indonesia TBK
BRMS,Bumi Resources Minerals Tbk
BRNA,Berlina Tbk
BRPT,Barito Pacific Tbk
BSBK,PT Wulandari Bangun Laksana Tbk
BSDE,PT Bumi Serpong Damai Tbk
BSIM,Bank Sinarmas Tbk
BSML,PT Bintang Samudera Mandiri Lines Tbk
BSSR,Baramulti Suksessarana Tbk
BSWD,Bank of India Indonesia Tbk
BTEK,Bumi Teknokultura Unggul Tbk
BTEL,Bakrie Telecom Tbk
BTON,Betonjaya Manunggal Tbk
BTPN,PT BANK TABUNGAN PENSIUNAN NASIONAL Tbk
BTPS,PT Bank Tabungan Pensiunan Nasional Syariah Tbk.
BUAH,PT Segar Kumala Indonesia Tbk
BUDI,PT Budi Starch &amp; Sweetener Tbk.
BUKA,PT Bukalapak.com Tbk
BUKK,Bukaka Teknik Utama Tbk
BULL,Buana Listya Tama Tbk
BUMI,Bumi Resources Tbk
BUVA,PT Bukit Uluwatu Villa Tbk
BVIC,Bank Victoria International Tbk
BWPT,Eagle High Plantations Tbk
BYAN,Bayan Resources Tbk
CAKK,PT Cahayaputra Asa Keramik Tbk.
CAMP,PT Campina Ice Cream Industry Tbk.
CANI,PT Capitol Nusantara Indonesia Tbk.
CARE,PT Metro Healthcare Indonesia Tbk
CARS,PT Industri dan Perdagangan Bintraco Dharma Tbk
CASA,PT Capital Financial Indonesia Tbk
CASH,PT Cashlez Worldwide Indonesia Tbk.
CASS,Cardig Aero Services Tbk
CBMF,PT Cahaya Bintang Medan Tbk
CBPE,PT Citra Buana Prasida Tbk
CBRE,PT Cakra Buana Resources Energi Tbk
CBUT,PT Citra Borneo Utama Tbk
CCSI,PT Communication Cable Systems Indonesia Tbk.
CEKA,PT Wilmar Cahaya Indonesia Tbk.
CENT,PT Centratama Telekomunikasi Indonesia Tbk.
CFIN,Clipan Finance Indonesia Tbk
CHEM,PT Chemstar Indonesia Tbk
CHIP,PT Pelita Teknologi Global Tbk
CINT,PT Chitose Internasional Tbk
CITA,Cita Mineral Investindo Tbk
CITY,PT Natura City Developments Tbk.
CKRA,Cakra Mineral Tbk.
CLAY,PT. Citra Putra Realty Tbk.
CLEO,PT Sariguna Primatirta Tbk
CLPI,Colorpak Indonesia Tbk
CMNP,Citra Marga Nusaphala Persada Tbk
CMNT,PT Cemindo Gemilang Tbk
CMPP,Rimau Multi Putra Pratama
CMRY,PT Cisarua Mountain Dairy Tbk
CNKO,Exploitasi Energi Indonesia Tbk
CNMA,PT Nusantara Sejahtera Raya Tbk
CNTX,Centex Tbk
COAL,PT Black Diamond Resources Tbk
COCO,PT Wahana Interfood Nusantara Tbk.
COWL,COWELL DEVELOPMENT Tbk
CPIN,Charoen Pokphand Indonesia Tbk
CPRI,PT Capri Nusa Satu Properti Tbk.
CPRO,Central Proteina Prima Tbk
CRAB,PT Toba Surimi Industries Tbk
CRSN,PT Carsurin Tbk
CSAP,Catur Sentosa Adiprana Tbk
CSIS,PT Cahayasakti Investindo Sukses Tbk
CSMI,PT Cipta Selera Murni Tbk.
CSRA,PT Cisadane Sawit Raya Tbk.
CTBN,Citra Tubindo Tbk
CTRA,Ciputra Development Tbk
CTTH,Citatah Tbk
CUAN,PT Petrindo Jaya Kreasi Tbk
CYBR,PT ITSEC Asia Tbk.
DADA,PT Diamond Citra Propertindo Tbk.
DAJK,PT Dwi Aneka Jaya Kemasindo Tbk.
DART,Duta Anggada Realty Tbk
DAYA,PT Duta Intidaya Tbk.
DCII,PT DCI Indonesia Tbk
DEAL,PT Dewata Freightinternational Tbk.
DEFI,Danasupra Erapacific Tbk
DEPO,PT Caturkarda Depo Bangunan Tbk
DEWA,Darma Henwa Tbk
DEWI,PT Dewi Shri Farmindo Tbk
DFAM,PT Dafam Property Indonesia Tbk.
DGIK,Nusa Konstruksi Enjiniring Tbk
DGNS,PT Diagnos Laboratorium Utama Tbk
DIGI,PT Arkadia Digital Media Tbk
DILD,Intiland Development Tbk
DIVA,PT Distribusi Voucher Nusantara Tbk.
DKFT,Central Omega Resources Tbk
DLTA,Delta Djakarta Tbk
DMAS,PT Puradelta Lestari Tbk.
DMMX,PT Digital Mediatama Maxima Tbk
DMND,PT Diamond Food Indonesia Tbk.
DNAR,PT Bank Dinar Indonesia Tbk.
DNET,PT Indoritel Makmur Internasional Tbk.
DOID,Delta Dunia Makmur Tbk
DOOH,PT Era Media Sejahtera Tbk
DPNS,Duta Pertiwi Nusantara Tbk
DPUM,PT Dua Putra Utama Makmur Tbk.
DRMA,PT Dharma Polimetal Tbk
DSFI,Dharma Samudera Fishing Ind. Tbk
DSNG,PT Dharma Satya Nusantara Tbk.
DSSA,Dian Swastatika Sentosa Tbk
DUCK,PT Jaya Bersama Indo Tbk.
DUTI,Duta Pertiwi Tbk
DVLA,Darya-Varia Laboratoria Tbk
DWGL,PT Dwi Guna Laksana Tbk.
DYAN,PT Dyandra Media International Tbk.
EAST,PT Eastparc Hotel Tbk
ECII,PT Electronic City Indonesia Tbk.
EDGE,PT Indointernet Tbk.
EKAD,Ekadharma International Tbk
ELIT,PT Data Sinergitama Jaya Tbk
ELPI,PT Pelayaran Nasional Ekalya Purnamasari Tbk
ELSA,Elnusa Tbk
ELTY,Bakrieland Development Tbk
EMDE,Megapolitan Developments Tbk
EMTK,Elang Mahkota Teknologi Tbk
ENAK,PT Champ Resto Indonesia Tbk
ENRG,Energi Mega Persada Tbk
ENVY,PT Envy Technologies Indonesia Tbk
ENZO,PT Morenzo Abadi Perkasa Tbk
EPAC,PT Megalestari Epack Sentosaraya Tbk.
EPMT,Enseval Putra Megatrading Tbk
ERAA,Erajaya Swasembada Tbk
ERAL,PT Sinar Eka Selaras Tbk
ERTX,Eratex Djaja Tbk
ESIP,PT Sinergi Inti Plastindo Tbk.
ESSA,Surya Esa Perkasa Tbk
ESTA,PT Esta Multi Usaha Tbk.
ESTI,Ever Shine Textile Industry Tbk
ETWA,Eterindo Wahanatama Tbk
EURO,PT Estee Gold Feet Tbk
EXCL,PT XL Axiata Tbk
FAPA,PT FAP Agri Tbk
FAST,Fast Food Indonesia Tbk
FASW,Fajar Surya Wisesa Tbk
FILM,PT MD Pictures Tbk.
FIMP,PT Fimperkasa Utama Tbk
FINN,PT First Indo American Leasing Tbk.
FIRE,PT Alfa Energi Investama Tbk.
FISH,FKS Multi Agro Tbk
FITT,PT Hotel Fitra International Tbk.
FLMC,PT Falmaco Nonwoven Industri Tbk
FMII,Fortune Mate Indonesia Tbk
FOLK,PT Multi Garam Utama Tbk.
FOOD,PT Sentra Food Indonesia Tbk.
FORU,Fortune Indonesia Tbk
FORZ,PT Forza Land Indonesia Tbk.
FPNI,PT Lotte Chemical Titan Tbk.
FREN,Smartfren Telecom Tbk
FUJI,PT Fuji Finance Indonesia Tbk.
FUTR,PT Lini Imaji Kreasi Ekosistem Tbk
FWCT,PT Wijaya Cahaya Timber Tbk
GAMA,Gading Development Tbk
GDST,Gunawan Dianjaya Steel Tbk
GDYR,Goodyear Indonesia Tbk
GEMA,Gema Grahasarana Tbk
GEMS,Golden Energy Mines Tbk
GGRM,Gudang Garam Tbk
GGRP,PT Gunung Raja Paksi Tbk.
GHON,PT Gihon Telekomunikasi Indonesia Tbk.
GIAA,Garuda Indonesia  Tbk
GJTL,Gajah Tunggal Tbk
GLOB,Global Teleshop Tbk
GLVA,PT Galva Technologies Tbk
GMCW,Grahamas Citrawisata Tbk
GMFI,PT Garuda Maintenance Facility Aero Asia Tbk.
GMTD,Gowa Makassar Tourism Development Tbk
GOLD,PT Visi Telekomunikasi Infrastruktur Tbk.
GOLL,PT Golden Plantation Tbk
GOOD,PT Garudafood Putra Putri Jaya Tbk.
GOTO,PT GoTo Gojek Tokopedia Tbk
GPRA,Perdana Gapura Prima Tbk
GPSO,PT Geoprima Solusi Tbk
GREN,Evergreen Invesco Tbk
GRIA,PT Ingria Pratama Capitalindo Tbk
GRPM,PT Graha Prima Mentari Tbk.
GSMF,Equity Development Investment Tbk
GTBO,Garda Tujuh Buana Tbk
GTRA,PT Grahaprima Suksesmandiri Tbk
GTSI,PT GTS Internasional Tbk
GULA,PT Aman Agrindo Tbk
GWSA,PT Greenwood Sejahtera Tbk
GZCO,Gozco Plantations Tbk
HADE,HD Capital Tbk
HAIS,PT Hasnur Internasional Shipping Tbk
HAJJ,PT Arsy Buana Travelindo Tbk
HALO,PT Haloni Jane Tbk
HATM,PT Habco Trans Maritima Tbk
HBAT,PT Minahasa Membangun Hebat Tbk
HDFA,Radana Bhaskara Finance Tbk
HDIT,PT Hensel Davest Indonesia Tbk
HDTX,Panasia Indo Resources Tbk
HEAL,PT Medikaloka Hermina Tbk.
HELI,PT. Jaya Trishindo Tbk.
HERO,Hero Supermarket Tbk
HEXA,Hexindo Adiperkasa Tbk
HILL,PT Hillcon Tbk
HITS,Humpuss Intermoda Transportasi Tbk
HKMU,PT HK Metals Utama Tbk.
HMSP,HM Sampoerna Tbk
HOKI,PT Buyung Poetra Sembada Tbk.
HOME,Hotel Mandarine Regency Tbk
HOMI,PT Grand House Mulia Tbk
HOPE,PT Harapan Duta Pertiwi Tbk.
HOTL,Saraswati Griya Lestari Tbk
HRME,PT Menteng Heritage Realty Tbk.
HRTA,PT Hartadinata Abadi Tbk
HRUM,Harum Energy Tbk
HUMI,PT Humpuss Maritim Internasional Tbk
IATA,PT Indonesia Transport &amp; Infrastructure Tbk.
IBFN,PT Intan Baruprana Finance Tbk
IBOS,PT Indo Boga Sukses Tbk
IBST,Inti Bangun Sejahtera Tbk
ICBP,Indofood CBP Sukses Makmur Tbk
ICON,Island Concepts Indonesia Tbk
IDEA,PT Idea Indonesia Akademi Tbk
IDPR,PT Indonesia Pondasi Raya Tbk.
IFII,PT Indonesia Fibreboard Industry Tbk
IFSH,PT Ifishdeco Tbk
IGAR,Champion Pacific Indonesia Tbk
IIKP,Inti Agri Resources Tbk
IKAI,Intikeramik Alamasri Industri Tbk
IKAN,PT Era Mandiri Cemerlang Tbk
IKBI,Sumi Indo Kabel Tbk
IKPM,PT Ikapharmindo Putramas Tbk.
IMAS,Indomobil Sukses Internasional Tbk
IMJS,PT Indomobil Multi Jasa Tbk.
IMPC,PT Impack Pratama Industri Tbk
INAF,Indofarma Tbk
INAI,Indal Aluminium Industry Tbk
INCF,PT Indo Komoditi Korpora Tbk
INCI,Intanwijaya Internasional Tbk
INCO,Vale Indonesia Tbk
INDF,Indofood Sukses Makmur Tbk
INDO,PT Royalindo Investa Wijaya Tbk
INDR,Indorama Synthetics Tbk
INDS,Indospring Tbk
INDX,Tanah Laut Tbk
INDY,Indika Energy Tbk
INET,PT Sinergi Inti Andalan Prima Tbk.
INKP,Indah Kiat Pulp &amp; Paper Tbk
INOV,PT Inocycle Technology Group Tbk.
INPC,Bank Artha Graha Internasional Tbk
INPP,Indonesian Paradise Property Tbk
INPS,PT Indah Prakasa Sentosa Tbk.
INRU,Toba Pulp Lestari Tbk
INTA,Intraco Penta Tbk
INTD,Inter-Delta Tbk
INTP,Indocement Tunggal Prakarsa Tbk
IOTF,PT Sumber Sinergi Makmur Tbk
IPAC,PT Era Graharealty Tbk
IPCC,PT Indonesia Kendaraan Terminal Tbk.
IPCM,PT Jasa Armada Indonesia Tbk.
IPOL,Indopoly Swakarsa Industry Tbk
IPPE,PT Indo Pureco Pratama Tbk
IPTV,PT MNC Vision Networks Tbk.
IRRA,PT Itama Ranoraya Tbk.
IRSX,PT Aviana Sinar Abadi Tbk
ISAP,PT Isra Presisi Indonesia Tbk
ISAT,Indosat Tbk
ISSP,PT Steel Pipe Industry of Indonesia Tbk
ITIC,PT Indonesian Tobacco Tbk.
ITMA,SUMBER ENERGI ANDALAN Tbk
ITMG,Indo Tambangraya Megah Tbk
ITTG,Leo Investments Tbk
JARR,PT Jhonlin Agro Raya Tbk
JAST,PT Jasnita Telekomindo Tbk.
JATI,PT Informasi Teknologi Indonesia Tbk.
JAWA,Jaya Agra Wattie Tbk
JAYA,PT Armada Berjaya Trans Tbk.
JECC,Jembo Cable Company Tbk
JGLE,PT Graha Andrasentra Propertindo Tbk.
JIHD,Jakarta International Hotels &amp; Development Tbk
JKON,Jaya Konstruksi Manggala Pratama Tbk
JKSW,Jakarta Kyoei Steel Works Tbk
JMAS,PT Asuransi Jiwa Syariah Jasa Mitra Abadi Tbk
JPFA,JAPFA Comfeed Indonesia Tbk
JPRS,Jaya Pari Steel Tbk
JRPT,Jaya Real Property Tbk
JSKY,PT Sky Energy Indonesia Tbk.
JSMR,Jasa Marga Tbk
JSPT,Jakarta Setiabudi Internasional Tbk
JTPE,Jasuindo Tiga Perkasa Tbk
KAEF,Kimia Farma  Tbk
KAII,PT Kereta Api Indonesia Tbk.
KARW,ICTSI JASA PRIMA Tbk
KAYU,PT Darmi Bersaudara Tbk.
KBAG,PT Karya Bersama Anugerah Tbk
KBLI,KMI Wire and Cable Tbk
KBLM,Kabelindo Murni Tbk
KBLV,First Media Tbk
KBRI,Kertas Basuki Rachmat Indonesia Tbk
KDSI,Kedawung Setia Industrial Tbk
KDTN,PT Puri Sentul Permai Tbk
KEEN,PT Kencana Energi Lestari Tbk.
KEJU,PT Mulia Boga Raya Tbk
KETR,PT Ketrosden Triasmitra Tbk
KIAS,Keramika Indonesia Assosiasi Tbk
KICI,Kedaung Indah Can Tbk
KIJA,Kawasan Industri Jababeka Tbk
KING,PT Hoffmen Cleanindo Tbk
KINO,PT Kino Indonesia Tbk
KIOS,PT Kioson Komersial Indonesia Tbk.
KJEN,PT Krida Jaringan Nusantara Tbk.
KKES,PT Kusuma Kemindo Sentosa Tbk
KKGI,Resource Alam Indonesia Tbk
KLAS,PT Pelayaran Kurnia Lautan Semesta Tbk
KLBF,Kalbe Farma Tbk
KLIN,PT Klinko Karya Imaji Tbk
KMDS,PT Kurniamitra Duta Sentosa Tbk.
KMTR,PT Kirana Megatara Tbk.
KOBX,Kobexindo Tractors Tbk
KOCI,PT Kokoh Exa Nusantara
KOIN,Kokoh Inti Arebama Tbk
KOKA,PT Koka Indonesia Tbk.
KONI,Perdana Bangun Pusaka Tbk
KOPI,PT Mitra Energi Persada Tbk
KOTA,PT DMS Propertindo Tbk.
KPAL,PT Steadfast Marine Tbk
KPAS,PT Cottonindo Ariesta Tbk.
KPIG,MNC Land Tbk
KRAH,PT Grand Kartech Tbk
KRAS,Krakatau Steel  Tbk
KREN,PT Kresna Graha Investama Tbk.
KRYA,PT Bangun Karya Perkasa Jaya Tbk
KUAS,PT Ace Oldfields Tbk
LABA,PT Ladangbaja Murni Tbk
LAJU,PT Jasa Berdikari Logistics Tbk
LAMI,Lamicitra Nusantara Tbk
LAND,PT Trimitra Propertindo Tbk.
LAPD,Leyand International Tbk
LCGP,PT Eureka Prima Jakarta Tbk.
LCKM,PT LCK Global Kedaton Tbk.
LEAD,PT Logindo Samudramakmur Tbk.
LFLO,PT Imago Mulia Persada Tbk
LIFE,PT Asuransi Jiwa Sinarmas MSIG Tbk.
LINK,PT Link Net Tbk.
LION,Lion Metal Works Tbk
LMAS,Limas Indonesia Makmur Tbk
LMAX,PT Lupromax Pelumas Indonesia Tbk.
LMPI,Langgeng Makmur Industri Tbk
LMSH,Lionmesh Prima Tbk
LOPI,PT Logisticsplus International Tbk
LPCK,Lippo Cikarang Tbk
LPGI,Lippo General Insurance Tbk
LPIN,Multi Prima Sejahtera Tbk
LPKR,Lippo Karawaci Tbk
LPLI,Star Pacific Tbk
LPPF,Matahari Department Store Tbk
LPPS,Lippo Securities Tbk
LRNA,PT Eka Sari Lorena Transport Tbk.
LSIP,PP London Sumatra Indonesia Tbk
LTLS,Lautan Luas Tbk
LUCK,PT Sentral Mitra Informatika Tbk.
LUCY,PT Lima Dua Lima Tiga Tbk
MABA,PT Marga Abhinaya Abadi Tbk
MAGP,Multi Agro Gemilang Plantation Tbk
MAHA,PT Mandiri Herindo Adiperkasa Tbk
MAIN,Malindo Feedmill Tbk
MAMI,Mas Murni Indonesia Tbk
MAPA,PT MAP Aktif Adiperkasa Tbk.
MAPB,PT MAP Boga Adiperkasa Tbk.
MAPI,Mitra Adiperkasa Tbk
MARI,PT Mahaka Radio Integra Tbk.
MARK,PT Mark Dynamics Indonesia Tbk.
MASA,Multistrada Arah Sarana Tbk
MASB,PT Bank Multiarta Sentosa Tbk
MAXI,PT Maxindo Karya Anugerah Tbk
MAYA,Bank Mayapada Internasional Tbk
MBAP,PT Mitrabara Adiperdana Tbk
MBMA,PT Merdeka Battery Materials Tbk
MBSS,Mitrabahtera Segara Sejati Tbk
MBTO,Martina Berto Tbk
MCAS,PT M Cash Integrasi Tbk
MCOL,PT Prima Andalan Mandiri Tbk
MCOR,PT Bank China Construction Bank Indonesia Tbk
MDIA,PT Intermedia Capital Tbk.
MDKA,PT Merdeka Copper Gold Tbk.
MDKI,PT Emdeki Utama Tbk.
MDLN,Modernland Realty Ltd Tbk
MDRN,Modern Internasional Tbk
MEDC,Medco Energi Internasional Tbk
MEDS,PT Hetzer Medical Indonesia Tbk
MEGA,Bank Mega Tbk
MENN,PT Menn Teknologi Indonesia Tbk.
MERK,Merck Tbk
META,Nusantara Infrastructure Tbk
MFIN,Mandala Multifinance Tbk
MFMI,Multifiling Mitra Indonesia Tbk
MGLV,PT Panca Anugrah Wisesa Tbk
MGNA,PT Magna Finance Tbk.
MGRO,PT Mahkota Group Tbk.
MICE,Multi Indocitra Tbk
MIDI,Midi Utama Indonesia Tbk
MIKA,PT Mitra Keluarga Karyasehat Tbk.
MINA,PT Sanurhasta Mitra Tbk.
MIRA,Mitra International Resources Tbk
MITI,Mitra Investindo Tbk
MKNT,PT Mitra Komunikasi Nusantara Tbk.
MKPI,Metropolitan Kentjana Tbk
MKTR,PT Menthobi Karyatama Raya Tbk
MLBI,Multi Bintang Indonesia Tbk
MLIA,Mulia Industrindo Tbk
MLJK,PT Marga Lingkar Jakarta Tbk.
MLPL,Multipolar Tbk
MLPT,PT Multipolar Technology Tbk.
MMIX,PT Multi Medika Internasional Tbk
MMLP,PT Mega Manunggal Property Tbk.
MNCN,Media Nusantara Citra Tbk
MOLI,PT Madusari Murni Indah Tbk.
MORA,PT Mora Telematika Indonesia Tbk
MPMX,PT Mitra Pinasthika Mustika Tbk.
MPOW,PT Megapower Makmur Tbk.
MPPA,Matahari Putra Prima Tbk
MPRO,PT Propertindo Mulia Investama Tbk.
MPXL,PT MPX Logistics International Tbk
MRAT,Mustika Ratu Tbk
MREI,Maskapai Reasuransi Indonesia Tbk
MSIE,PT Multisarana Intan Eduka Tbk
MSIN,PT MNC Studios International Tbk.
MSKY,MNC Sky Vision Tbk
MSTI,PT Mastersystem Infotama Tbk.
MTDL,Metrodata Electronics Tbk
MTEL,PT Dayamitra Telekomunikasi Tbk
MTFN,Capitalinc Investment Tbk
MTLA,Metropolitan Land Tbk
MTMH,PT Murni Sadar Tbk
MTPS,PT Meta Epsi Tbk.
MTRA,PT Mitra Pemuda Tbk.
MTSM,Metro Realty Tbk
MTWI,PT Malacca Trust Wuwungan Insurance Tbk.
MUTU,PT Mutuagung Lestari Tbk
MYOH,Samindo Resources Tbk
MYOR,Mayora Indah Tbk
MYRX,Hanson International Tbk
MYTX,PT Asia Pacific Investama Tbk.
NAGA,PT Bank Mitraniaga Tbk.
NANO,PT Nanotech Indonesia Global Tbk
NASA,PT Ayana Land International Tbk
NASI,PT Wahana Inti Makmur Tbk
NATO,PT. Nusantara Properti Internasional Tbk.
NAYZ,PT Hassana Boga Sejahtera Tbk
NCKL,PT Trimegah Bangun Persada Tbk.
NELY,Pelayaran Nelly Dwi Putri Tbk
NETV,PT Net Visi Media Tbk
NFCX,PT NFC Indonesia Tbk.
NICK,PT Charnic Capital Tbk.
NICL,PT PAM Mineral Tbk
NIKL,Pelat Timah Nusantara Tbk
NINE,PT Techno9 Indonesia Tbk
NIPS,Nipress Tbk
NIRO,Nirvana Development Tbk
NISP,PT Bank OCBC NISP Tbk
NOBU,PT Bank Nationalnobu Tbk.
NPGF,PT Nusa Palapa Gemilang Tbk
NRCA,PT Nusa Raya Cipta Tbk.
NSSS,PT Nusantara Sawit Sejahtera Tbk
NTBK,PT Nusatama Berkah Tbk
NUSA,PT Sinergi Megah Internusa Tbk
NZIA,PT Nusantara Almazia Tbk.
OASA,PT Protech Mitra Perkasa Tbk
OBMD,PT OBM Drilchem Tbk
OCAP,ONIX CAPITAL Tbk
OILS,PT Indo Oil Perkasa Tbk
OKAS,Ancora Indonesia Resources Tbk
OLIV,PT Oscar Mitra Sukses Sejahtera Tbk
OMED,PT Jayamas Medica Industri Tbk
OMRE,Indonesia Prima Property Tbk
OPMS,PT Optima Prima Metal Sinergi Tbk.
PACK,PT Solusi Kemasan Digital Tbk
PADA,PT Personel Alih Daya Tbk
PADI,Minna Padi Investama Sekuritas Tbk
PALM,Provident Agro Tbk
PAMG,PT Bima Sakti Pertiwi Tbk
PANI,PT Pratama Abadi Nusa Industri Tbk.
PANR,Panorama Sentrawisata Tbk
PANS,Panin Sekuritas Tbk
PBID,PT Panca Budi Idaman Tbk.
PBRX,Pan Brothers Tbk
PBSA,PT Paramita Bangun Sarana Tbk
PCAR,PT Prima Cakrawala Abadi Tbk.
PDES,Destinasi Tirta Nusantara Tbk
PDPP,PT Primadaya Plastisindo Tbk
PEGE,Panca Global Securities Tbk
PEHA,PT Phapros Tbk.
PEVE,PT Penta Valent Tbk
PGAS,Perusahaan Gas Negara  Tbk
PGEO,PT Pertamina Geothermal Energy Tbk
PGJO,PT Tourindo Guide Indonesia Tbk.
PGLI,Pembangunan Graha Lestari Tbk
PGUN,PT Pradiksi Gunatama Tbk
PICO,Pelangi Indah Canindo Tbk
PIPA,PT Multi Makmur Lemindo Tbk.
PJAA,Pembangunan Jaya Ancol Tbk
PKPK,Perdana Karya Perkasa Tbk
PLAN,PT Planet Properindo Jaya Tbk
PLAS,Polaris Investama Tbk
PLIN,Plaza Indonesia Realty Tbk
PMJS,PT Putra Mandiri Jembar Tbk
PMMP,PT Panca Mitra Multiperdana Tbk.
PNBN,Bank Pan Indonesia Tbk
PNBS,PT Bank Panin Dubai Syariah Tbk.
PNGO,PT Pinago Utama Tbk
PNIN,Paninvest Tbk
PNLF,Panin Financial Tbk
PNSE,Pudjiadi &amp; Sons Tbk
POLA,PT Pool Advista Finance Tbk.
POLI,PT Pollux Investasi Internasional Tbk.
POLL,PT Pollux Properti Indonesia Tbk.
POLU,PT Golden Flower Tbk.
POLY,Asia Pacific Fibers Tbk
POOL,Pool Advista Indonesia Tbk
PORT,PT Nusantara Pelabuhan Handal Tbk.
POSA,PT Bliss Properti Indonesia Tbk.
POWR,PT Cikarang Listrindo Tbk.
PPGL,PT Prima Globalindo Logistik Tbk.
PPRE,PT PP Presisi Tbk.
PPRI,PT Paperocks Indonesia Tbk.
PPRO,PT PP Properti Tbk.
PRAS,Prima Alloy Steel Universal Tbk
PRAY,PT Famon Awal Bros Sedaya Tbk
PRDA,PT Prodia Widyahusada Tbk.
PRIM,PT Royal Prima Tbk.
PSAB,J RESOURCES ASIA PASIFIK Tbk
PSDN,Prasidha Aneka Niaga Tbk
PSGO,PT Palma Serasih Tbk
PSKT,PT Red Planet Indonesia Tbk
PSSI,PT Pelita Samudera Shipping Tbk.
PTBA,Tambang Batubara Bukit Asam Tbk
PTDU,PT Djasa Ubersakti Tbk
PTIS,Indo Straits Tbk
PTMP,PT Mitra Pack Tbk.
PTPP,PP  Tbk
PTPS,PT Pulau Subur Tbk.
PTPW,PT Pratama Widya Tbk.
PTRO,Petrosea Tbk
PTSN,Sat Nusapersada Tbk
PTSP,Pioneerindo Gourmet International Tbk
PUDP,Pudjiadi Prestige Tbk
PURA,PT Putra Rajawali Kencana Tbk.
PURE,PT Trinitan Metals and Minerals Tbk
PURI,PT Puri Global Sukses Tbk
PWON,Pakuwon Jati Tbk
PYFA,Pyridam Farma Tbk
PZZA,PT Sarimelati Kencana Tbk.
RAAM,PT Tripar Multivision Plus Tbk.
RAFI,PT Sari Kreasi Boga Tbk
RAJA,Rukun Raharja Tbk
RALS,Ramayana Lestari Sentosa Tbk
RANC,Supra Boga Lestari Tbk
RBMS,Ristia Bintang Mahkotasejati Tbk
RCCC,PT Utama Radar Cahaya Tbk
RDTX,Roda Vivatex Tbk
REAL,PT Repower Asia Indonesia Tbk.
RELF,PT Graha Mitra Asia Tbk.
RELI,Reliance Sekuritas Indonesia Tbk
RGAS,PT Kian Santang Muliatama Tbk.
RICY,Ricky Putra Globalindo Tbk
RIGS,Rig Tenders Tbk
RIMO,PT Rimo International Lestari Tbk.
RISE,PT Jaya Sukses Makmur Sentosa Tbk.
RMBA,Bentoel International Investama Tbk
RMKE,PT RMK Energy Tbk
RMKO,PT Royaltama Mulia Kontraktorindo Tbk.
ROCK,PT Rockfields Properti Indonesia Tbk.
RODA,Pikko Land Development Tbk
RONY,PT Aesler Grup Internasional Tbk
ROTI,Nippon Indosari Corpindo Tbk
RSCH,PT Charlie Hospital Semarang Tbk.
RSGK,PT Kedoya Adyaraya Tbk
RUIS,Radiant Utama Interinsco Tbk
RUNS,PT Global Sukses Solusi Tbk
SAFE,Steady Safe Tbk
SAGE,PT Saptausaha Gemilangindah Tbk
SAME,Sarana Meditama Metropolitan Tbk
SAMF,PT Saraswanti Anugerah Makmur Tbk.
SAPX,PT Satria Antaran Prima Tbk.
SATU,PT Kota Satu Properti Tbk.
SBAT,PT Sejahtera Bintang Abadi Textile Tbk.
SBMA,PT Surya Biru Murni Acetylene Tbk
SCBD,Danayasa Arthatama Tbk
SCCO,Supreme Cable Manufacturing Corporation Tbk
SCMA,Surya Citra Media Tbk
SCNP,PT Selaras Citra Nusantara Perkasa Tbk
SCPI,Merck Sharp Dohme Pharma Tbk
SDMU,Sidomulyo Selaras Tbk
SDPC,Millennium Pharmacon International Tbk
SDRA,PT Bank Woori Saudara Indonesia 1906 Tbk
SEMA,PT Semacom Integrated Tbk
SFAN,PT Surya Fajar Capital Tbk
SGER,PT Sumber Global Energy Tbk.
SGRO,Sampoerna Agro Tbk
SHID,Hotel Sahid Jaya Tbk
SHIP,PT Sillo Maritime Perdana Tbk
SIAP,Sekawan Intipratama Tbk
SICO,PT Sigma Energy Compressindo Tbk
SIDO,PT Industri Jamu dan Farmasi Sido Muncul Tbk
SILO,PT Siloam International Hospitals Tbk.
SIMA,Siwani Makmur Tbk
SIMP,Salim Ivomas Pratama Tbk
SINI,PT Singaraja Putra Tbk.
SIPD,Sierad Produce Tbk
SKBM,Sekar Bumi Tbk
SKLT,Sekar Laut Tbk
SKRN,PT Superkrane Mitra Utama Tbk
SKYB,Skybee Tbk
SLIS,PT Gaya Abadi Sempurna Tbk
SMAR,SMART Tbk
SMBR,PT Semen Baturaja  Tbk
SMCB,Holcim Indonesia Tbk
SMDM,Suryamas Dutamakmur Tbk
SMDR,Samudera Indonesia Tbk
SMGR,Semen Indonesia  Tbk
SMIL,PT Sarana Mitra Luas Tbk
SMKL,PT Satyamitra Kemas Lestari Tbk
SMKM,PT Sumber Mas Konstruksi Tbk
SMMA,Sinar Mas Multiartha Tbk
SMMT,GOLDEN EAGLE ENERGY Tbk
SMRA,Summarecon Agung Tbk
SMRU,SMR Utama Tbk
SMSM,Selamat Sempurna Tbk
SNLK,PT Sunter Lakeside Hotel Tbk.
SOCI,PT Soechi Lines Tbk.
SOFA,PT Boston Furniture Industries Tbk.
SOHO,PT Soho Global Health Tbk
SONA,Sona Topas Tourism Industry Tbk
SOSS,PT Shield On Service Tbk.
SOTS,PT Satria Mega Kencana Tbk
SOUL,PT Mitra Tirta Buwana Tbk
SPMA,Suparma Tbk
SPTO,PT Surya Pertiwi Tbk.
SQBB,Taisho Pharmaceutical Indonesia Tbk
SQMI,RENUKA COALINDO Tbk
SRAJ,Sejahteraraya Anugrahjaya Tbk
SRIL,PT Sri Rejeki Isman Tbk
SRSN,Indo Acidatama Tbk
SRTG,PT Saratoga Investama Sedaya Tbk.
SSIA,Surya Semesta Internusa Tbk
SSMS,PT Sawit Sumbermas Sarana Tbk.
SSTM,Sunson Textile Manufacturer Tbk
STAA,PT Sumber Tani Agung Resources Tbk
STAR,Star Petrcohem Tbk
STRK,PT Lovina Beach Brewery Tbk.
STTP,Siantar Top Tbk
SUGI,Sugih Energy Tbk
SULI,PT SLJ Global Tbk
SUNI,PT Sunindo Pratama Tbk
SUPR,Solusi Tunas Pratama Tbk
SURE,PT Super Energy Tbk.
SURI,PT Maja Agung Latexindo Tbk.
SWAT,PT Sriwahana Adityakarta Tbk.
SWID,PT Saraswanti Indoland Development Tbk
TALF,PT Tunas Alfin Tbk
TAMA,PT Lancartama Sejati Tbk.
TAMU,PT Pelayaran Tamarin Samudra Tbk.
TAPG,PT Triputra Agro Persada Tbk.
TARA,PT Sitara Propertindo Tbk
TAXI,Express Transindo Utama Tbk
TAYS,PT Jaya Swarasa Agung Tbk
TBIG,PT Tower Bersama Infrastructure Tbk
TBLA,Tunas Baru Lampung Tbk
TBMS,Tembaga Mulia Semanan Tbk
TCID,Mandom Indonesia Tbk
TCPI,PT Transcoal Pacific Tbk.
TDPM,PT Tridomain Performance Materials Tbk.
TEBE,PT Dana Brata Luhur Tbk.
TECH,PT Indosterling Technomedia Tbk
TELE,Tiphone Mobile Indonesia Tbk
TFAS,PT Telefast Indonesia Tbk.
TFCO,Tifico Fiber Indonesia Tbk
TGKA,Tigaraksa Satria Tbk
TGRA,PT Terregra Asia Energy
TGUK,PT Platinum Wahab Nusantara Tbk.
TIFA,Tifa Finance Tbk
TINS,Timah  Tbk
TIRA,Tira Austenite Tbk
TIRT,Tirta Mahakam Resources Tbk
TKIM,Pabrik Kertas Tjiwi Kimia Tbk
TLDN,PT Teladan Prima Agro Tbk
TLKM,PT Telkom Indonesia  Tbk.
TMAS,Pelayaran Tempuran Emas Tbk
TMPI,PT Sigmagold Inti Perkasa Tbk.
TMPO,Tempo Inti Media Tbk
TNCA,PT Trimuda Nuansa Citra Tbk.
TOBA,Toba Bara Sejahtra Tbk
TOOL,PT Rohartindo Nusantara Luas Tbk
TOPS,PT Totalindo Eka Persada Tbk.
TOTL,Total Bangun Persada Tbk
TOTO,Surya Toto Indonesia Tbk
TOWR,Sarana Menara Nusantara Tbk
TOYS,PT Sunindo Adipersada Tbk.
TPIA,Chandra Asri Petrochemical Tbk
TPMA,Trans Power Marine Tbk
TRAM,Trada Alam Minera Tbk.
TRGU,PT Cerestar Indonesia Tbk
TRIL,Triwira Insanlestari Tbk
TRIM,PT Trimegah Sekuritas Indonesia Tbk
TRIN,PT Perintis Triniti Properti Tbk
TRIO,Trikomsel Oke Tbk
TRIS,Trisula International Tbk
TRJA,PT Transkon Jaya Tbk.
TRON,PT Teknologi Karya Digital Nusa Tbk
TRST,Trias Sentosa Tbk
TRUB,Truba Alam Manunggal Engineering Tbk
TRUE,PT Triniti Dinamik Tbk
TRUK,PT Guna Timur Raya Tbk.
TRUS,Trust Finance Indonesia Tbk
TSPC,Tempo Scan Pacific Tbk
TUGU,PT Asuransi Tugu Pratama Indonesia Tbk
TURI,Tunas Ridean Tbk
TYRE,PT King Tire Indonesia Tbk.
UANG,PT Pakuan Tbk.
UCID,PT Uni-Charm Indonesia Tbk.
UDNG,PT Agro Bahari Nusantara Tbk
UFOE,PT Damai Sejahtera Abadi Tbk
ULTJ,Ultra Jaya Milk Industry Tbk
UNIC,Unggul Indah Cahaya Tbk
UNIQ,PT Ulima Nitra Tbk
UNIT,Nusantara Inti Corpora Tbk
UNSP,Bakrie Sumatera Plantations Tbk
UNTR,United Tractors Tbk
UNVR,Unilever Indonesia Tbk
URBN,PT Urban Jakarta Propertindo Tbk.
UVCR,PT Trimegah Karya Pratama Tbk.
VAST,PT Vastland Indonesia Tbk
VICI,PT Victoria Care Indonesia Tbk
VICO,PT Victoria Investama Tbk.
VINS,PT Victoria Insurance Tbk.
VIVA,PT Visi Media Asia Tbk
VKTR,PT VKTR Teknologi Mobilitas Tbk
VOKS,Voksel Electric Tbk
VRNA,Verena Multi Finance Tbk
VTNY,PT Venteny Fortuna International Tbk
WAPO,Wahana Pronatural Tbk
WEGE,PT Wijaya Karya Bangunan Gedung Tbk.
WEHA,PT WEHA Transportasi Indonesia Tbk
WGSH,PT Wira Global Solusi Tbk
WICO,Wicaksana Overseas International Tbk
WIDI,PT Widiant Jaya Krenindo Tbk.
WIFI,PT Solusi Sinergi Digital Tbk
WIIM,Wismilak Inti Makmur Tbk
WIKA,Wijaya Karya Tbk
WINE,PT Hatten Bali Tbk
WINR,PT Winner Nusantara Jaya Tbk
WINS,Wintermar Offshore Marine Tbk
WIRG,PT WIR ASIA Tbk
WMPP,PT Widodo Makmur Perkasa Tbk
WMUU,PT Widodo Makmur Unggas Tbk
WOMF,Wahana Ottomitra Multiartha Tbk
WOOD,PT Integra Indocabinet Tbk
WOWS,PT Ginting Jaya Energi Tbk
WSBP,PT Waskita Beton Precast Tbk.
WSKT,PT Waskita Karya  Tbk
WTON,Wijaya Karya Beton
YELO,PT Yelooo Integra Datanet Tbk.
YPAS,Yanaprima Hastapersada Tbk
YULE,Yulie Sekuritas Indonesia Tbk
ZATA,PT Bersama Zatta Jaya Tbk
ZBRA,Zebra Nusantara Tbk
ZINC,PT Kapuas Prima Coal Tbk
ZONE,PT Mega Perintis Tbk.
ZYRX,PT Zyrexindo Mandiri Buana Tbk
